metric,value
mean_log_loss,0.9497909117775148
mean_brier_score,0.5636607395761202
