metric,value
mean_log_loss,0.939363855211388
mean_brier_score,0.5573665695524335
