metric,value
mean_log_loss,0.9578977256480876
mean_brier_score,0.568999281612009
