strategy,parameter,bet_count,total_bet,total_payout,roi_percentage
Flat_Bet,EV_1.0,54,54.0,83.72,155.03703703703704
Flat_Bet,EV_1.05,43,43.0,66.86999999999999,155.5116279069767
Flat_Bet,EV_1.1,40,40.0,66.86999999999999,167.17499999999998
Flat_Bet,EV_1.15,36,36.0,62.6,173.88888888888889
Flat_Bet,EV_1.2,33,33.0,62.6,189.6969696969697
Flat_Bet,EV_1.25,29,29.0,53.75,185.3448275862069
Full_Kelly,Fraction_1.0,54,3933.493166889871,4992.358450739578,126.91920994709467
Half_Kelly,Fraction_0.5,54,802.533891746734,1172.9002724414775,146.1496248947982
Quarter_Kelly,Fraction_0.25,54,229.52166188710646,368.78959323791247,160.67746730559443
