metric,value
mean_log_loss,1.0470388765388046
mean_brier_score,0.6128185484444703
