metric,value
mean_log_loss,1.041530419940571
mean_brier_score,0.6070997262808051
