metric,value
mean_log_loss,1.0424586096430128
mean_brier_score,0.6101522037345957
