strategy,parameter,bet_count,total_bet,total_payout,roi_percentage
Flat_Bet,EV_1.0,61,61.0,100.28999999999999,164.40983606557376
Flat_Bet,EV_1.05,48,48.0,88.46,184.29166666666666
Flat_Bet,EV_1.1,39,39.0,84.67999999999999,217.1282051282051
Flat_Bet,EV_1.15,34,34.0,75.44,221.88235294117646
Flat_Bet,EV_1.2,32,32.0,64.91,202.84375
Flat_Bet,EV_1.25,29,29.0,64.91,223.82758620689654
Full_Kelly,Fraction_1.0,61,1206.7201095379394,2078.655350825968,172.25662640377294
Half_Kelly,Fraction_0.5,61,403.63561341578725,761.3440538737962,188.62162519082068
Quarter_Kelly,Fraction_0.25,61,151.8908994474344,298.00973857144686,196.19986428125702
