strategy,parameter,bet_count,total_bet,total_payout,roi_percentage
Flat_Bet,EV_1.0,62,62.0,108.6686561264822,175.27202601045516
Flat_Bet,EV_1.05,50,50.0,91.1690909090909,182.3381818181818
Flat_Bet,EV_1.1,41,41.0,80.68909090909091,196.80266075388028
Flat_Bet,EV_1.15,36,36.0,74.8790909090909,207.99747474747474
Flat_Bet,EV_1.2,32,32.0,69.0,215.625
Flat_Bet,EV_1.25,28,28.0,61.5,219.64285714285717
Full_Kelly,Fraction_1.0,62,1213.793570831384,1789.440972599504,147.42547790674425
Half_Kelly,Fraction_0.5,62,436.6631852038425,731.3459767747682,167.48514680333363
Quarter_Kelly,Fraction_0.25,62,165.05567272295295,296.0862608316128,179.38569208014775
